game_id,title,genres,description,tags,aliases,typical_price,metacritic_avg
grand-theft-auto-v,Grand Theft Auto V,"Action,Adventure",Grand Theft Auto V is a action game focused on open world and heists. Expect crime moments with clear progression and satisfying goals.,"open world,heists,crime","grand theft auto 5,grand theft auto v,grandtheftautov,gta 5,gta v,gtav",59.99,84
red-dead-redemption-2,Red Dead Redemption 2,"Action,Adventure",Red Dead Redemption 2 is a action game focused on open world and western. Expect story-driven moments with clear progression and satisfying goals.,"open world,western,story-driven","rdr2,red dead 2,red dead redemption 2,reddeadredemption2",59.99,84
baldur-s-gate-3,Baldur's Gate 3,RPG,Baldur's Gate 3 is a rpg game focused on party and choices. Expect story-driven moments with clear progression and satisfying goals.,"party,choices,story-driven","baldur's gate 3,baldurs gate 3,baldursgate3,bg3",59.99,84
cyberpunk-2077,Cyberpunk 2077,"Action,RPG",Cyberpunk 2077 is a action game focused on open world and story-driven. Expect futuristic moments with clear progression and satisfying goals.,"open world,story-driven,futuristic","cp2077,cyberpunk,cyberpunk 2077,cyberpunk2077",59.99,84
the-witcher-3-wild-hunt,The Witcher 3 Wild Hunt,"RPG,Adventure",The Witcher 3 Wild Hunt is a rpg game focused on open world and story-driven. Expect fantasy moments with clear progression and satisfying goals.,"open world,story-driven,fantasy","the witcher 3,the witcher 3 wild hunt,thewitcher3wildhunt,witcher 3",59.99,84
elden-ring,Elden Ring,"RPG,Action",Elden Ring is a rpg game focused on open world and challenge. Expect fantasy moments with clear progression and satisfying goals.,"open world,challenge,fantasy","elden ring,eldenring",59.99,84
sekiro-shadows-die-twice,Sekiro Shadows Die Twice,Action,Sekiro Shadows Die Twice is a action game focused on challenge and combat. Expect single-player moments with clear progression and satisfying goals.,"challenge,combat,single-player","sekiro,sekiro shadows die twice,sekiroshadowsdietwice",59.99,84
dark-souls-iii,Dark Souls III,"Action,RPG",Dark Souls III is a action game focused on combat and fast-paced. Expect single-player moments with clear progression and satisfying goals.,"combat,fast-paced,single-player","dark souls iii,darksoulsiii",59.99,84
dark-souls-remastered,Dark Souls Remastered,"Action,RPG",Dark Souls Remastered is a action game focused on combat and fast-paced. Expect single-player moments with clear progression and satisfying goals.,"combat,fast-paced,single-player","dark souls remastered,darksoulsremastered",59.99,84
nioh-2,Nioh 2,"Action,RPG",Nioh 2 is a action game focused on combat and fast-paced. Expect single-player moments with clear progression and satisfying goals.,"combat,fast-paced,single-player","nioh 2,nioh2",39.99,78
monster-hunter-world,Monster Hunter World,"Action,RPG",Monster Hunter World is a action game focused on combat and fast-paced. Expect single-player moments with clear progression and satisfying goals.,"combat,fast-paced,single-player","monster hunter world,monsterhunterworld",59.99,84
monster-hunter-rise,Monster Hunter Rise,"Action,RPG",Monster Hunter Rise is a action game focused on combat and fast-paced. Expect single-player moments with clear progression and satisfying goals.,"combat,fast-paced,single-player","monster hunter rise,monsterhunterrise",59.99,84
dragon-s-dogma-2,Dragon's Dogma 2,"RPG,Action",Dragon's Dogma 2 is a rpg game focused on role-playing and choices. Expect character build moments with clear progression and satisfying goals.,"role-playing,choices,character build","dragon's dogma 2,dragonsdogma2",59.99,84
starfield,Starfield,"RPG,Adventure",Starfield is a rpg game focused on role-playing and choices. Expect character build moments with clear progression and satisfying goals.,"role-playing,choices,character build",starfield,59.99,84
divinity-original-sin-2,Divinity Original Sin 2,"RPG,Strategy",Divinity Original Sin 2 is a rpg game focused on role-playing and choices. Expect character build moments with clear progression and satisfying goals.,"role-playing,choices,character build","divinity original sin 2,divinityoriginalsin2",59.99,84
pathfinder-wrath-of-the-righteous,Pathfinder Wrath of the Righteous,RPG,Pathfinder Wrath of the Righteous is a rpg game focused on role-playing and choices. Expect character build moments with clear progression and satisfying goals.,"role-playing,choices,character build","pathfinder wrath of the righteous,pathfinderwrathoftherighteous",39.99,78
dragon-age-inquisition,Dragon Age Inquisition,"RPG,Adventure",Dragon Age Inquisition is a rpg game focused on role-playing and choices. Expect character build moments with clear progression and satisfying goals.,"role-playing,choices,character build","dragon age inquisition,dragonageinquisition",59.99,84
mass-effect-legendary-edition,Mass Effect Legendary Edition,"RPG,Action",Mass Effect Legendary Edition is a rpg game focused on role-playing and choices. Expect character build moments with clear progression and satisfying goals.,"role-playing,choices,character build","mass effect legendary edition,masseffectlegendaryedition",59.99,84
fallout-4,Fallout 4,"RPG,Action",Fallout 4 is a rpg game focused on role-playing and choices. Expect character build moments with clear progression and satisfying goals.,"role-playing,choices,character build","fallout 4,fallout4",59.99,84
fallout-new-vegas,Fallout New Vegas,RPG,Fallout New Vegas is a rpg game focused on role-playing and choices. Expect character build moments with clear progression and satisfying goals.,"role-playing,choices,character build","fallout new vegas,falloutnewvegas",39.99,78
the-elder-scrolls-v-skyrim,The Elder Scrolls V Skyrim,"RPG,Adventure",The Elder Scrolls V Skyrim is a rpg game focused on role-playing and choices. Expect character build moments with clear progression and satisfying goals.,"role-playing,choices,character build","the elder scrolls v skyrim,theelderscrollsvskyrim",59.99,84
the-elder-scrolls-iv-oblivion,The Elder Scrolls IV Oblivion,"RPG,Adventure",The Elder Scrolls IV Oblivion is a rpg game focused on role-playing and choices. Expect character build moments with clear progression and satisfying goals.,"role-playing,choices,character build","the elder scrolls iv oblivion,theelderscrollsivoblivion",39.99,78
kingdom-come-deliverance,Kingdom Come Deliverance,"RPG,Adventure",Kingdom Come Deliverance is a rpg game focused on role-playing and choices. Expect character build moments with clear progression and satisfying goals.,"role-playing,choices,character build","kingdom come deliverance,kingdomcomedeliverance",39.99,78
star-wars-jedi-fallen-order,Star Wars Jedi Fallen Order,"Action,Adventure",Star Wars Jedi Fallen Order is a action game focused on combat and fast-paced. Expect single-player moments with clear progression and satisfying goals.,"combat,fast-paced,single-player","star wars jedi fallen order,starwarsjedifallenorder",59.99,84
star-wars-jedi-survivor,Star Wars Jedi Survivor,"Action,Adventure",Star Wars Jedi Survivor is a action game focused on combat and fast-paced. Expect single-player moments with clear progression and satisfying goals.,"combat,fast-paced,single-player","star wars jedi survivor,starwarsjedisurvivor",59.99,84
assassin-s-creed-valhalla,Assassin's Creed Valhalla,"Action,Adventure",Assassin's Creed Valhalla is a action game focused on combat and fast-paced. Expect single-player moments with clear progression and satisfying goals.,"combat,fast-paced,single-player","assassin's creed valhalla,assassinscreedvalhalla",59.99,84
assassin-s-creed-odyssey,Assassin's Creed Odyssey,"Action,Adventure",Assassin's Creed Odyssey is a action game focused on combat and fast-paced. Expect single-player moments with clear progression and satisfying goals.,"combat,fast-paced,single-player","assassin's creed odyssey,assassinscreedodyssey",59.99,84
assassin-s-creed-origins,Assassin's Creed Origins,"Action,Adventure",Assassin's Creed Origins is a action game focused on combat and fast-paced. Expect single-player moments with clear progression and satisfying goals.,"combat,fast-paced,single-player","assassin's creed origins,assassinscreedorigins",59.99,84
watch-dogs-legion,Watch Dogs Legion,"Action,Adventure",Watch Dogs Legion is a action game focused on combat and fast-paced. Expect single-player moments with clear progression and satisfying goals.,"combat,fast-paced,single-player","watch dogs legion,watchdogslegion",59.99,84
watch-dogs-2,Watch Dogs 2,"Action,Adventure",Watch Dogs 2 is a action game focused on combat and fast-paced. Expect single-player moments with clear progression and satisfying goals.,"combat,fast-paced,single-player","watch dogs 2,watchdogs2",59.99,84
far-cry-5,Far Cry 5,"Action,Adventure",Far Cry 5 is a action game focused on combat and fast-paced. Expect single-player moments with clear progression and satisfying goals.,"combat,fast-paced,single-player","far cry 5,farcry5",59.99,84
far-cry-6,Far Cry 6,"Action,Adventure",Far Cry 6 is a action game focused on combat and fast-paced. Expect single-player moments with clear progression and satisfying goals.,"combat,fast-paced,single-player","far cry 6,farcry6",59.99,84
just-cause-4,Just Cause 4,"Action,Adventure",Just Cause 4 is a action game focused on combat and fast-paced. Expect single-player moments with clear progression and satisfying goals.,"combat,fast-paced,single-player","just cause 4,justcause4",39.99,78
mafia-definitive-edition,Mafia Definitive Edition,"Action,Adventure",Mafia Definitive Edition is a action game focused on combat and fast-paced. Expect single-player moments with clear progression and satisfying goals.,"combat,fast-paced,single-player","mafia definitive edition,mafiadefinitiveedition",39.99,78
hitman-3,Hitman 3,"Action,Adventure",Hitman 3 is a action game focused on combat and fast-paced. Expect single-player moments with clear progression and satisfying goals.,"combat,fast-paced,single-player","hitman 3,hitman3",59.99,84
metal-gear-solid-v-the-phantom-pain,Metal Gear Solid V The Phantom Pain,"Action,Adventure",Metal Gear Solid V The Phantom Pain is a action game focused on combat and fast-paced. Expect single-player moments with clear progression and satisfying goals.,"combat,fast-paced,single-player","metal gear solid v the phantom pain,metalgearsolidvthephantompain",59.99,84
ghost-recon-wildlands,Ghost Recon Wildlands,"Action,Adventure",Ghost Recon Wildlands is a action game focused on combat and fast-paced. Expect single-player moments with clear progression and satisfying goals.,"combat,fast-paced,single-player","ghost recon wildlands,ghostreconwildlands",59.99,84
ghost-recon-breakpoint,Ghost Recon Breakpoint,"Action,Adventure",Ghost Recon Breakpoint is a action game focused on combat and fast-paced. Expect single-player moments with clear progression and satisfying goals.,"combat,fast-paced,single-player","ghost recon breakpoint,ghostreconbreakpoint",59.99,84
horizon-zero-dawn,Horizon Zero Dawn,"Action,Adventure",Horizon Zero Dawn is a action game focused on combat and fast-paced. Expect single-player moments with clear progression and satisfying goals.,"combat,fast-paced,single-player","horizon zero dawn,horizonzerodawn",59.99,84
horizon-forbidden-west,Horizon Forbidden West,"Action,Adventure",Horizon Forbidden West is a action game focused on combat and fast-paced. Expect single-player moments with clear progression and satisfying goals.,"combat,fast-paced,single-player","horizon forbidden west,horizonforbiddenwest",59.99,84
tomb-raider,Tomb Raider,"Action,Adventure",Tomb Raider is a action game focused on combat and fast-paced. Expect single-player moments with clear progression and satisfying goals.,"combat,fast-paced,single-player","tomb raider,tombraider",39.99,78
rise-of-the-tomb-raider,Rise of the Tomb Raider,"Action,Adventure",Rise of the Tomb Raider is a action game focused on combat and fast-paced. Expect single-player moments with clear progression and satisfying goals.,"combat,fast-paced,single-player","rise of the tomb raider,riseofthetombraider",39.99,78
shadow-of-the-tomb-raider,Shadow of the Tomb Raider,"Action,Adventure",Shadow of the Tomb Raider is a action game focused on combat and fast-paced. Expect single-player moments with clear progression and satisfying goals.,"combat,fast-paced,single-player","shadow of the tomb raider,shadowofthetombraider",39.99,78
uncharted-legacy-of-thieves,Uncharted Legacy of Thieves,"Action,Adventure",Uncharted Legacy of Thieves is a action game focused on combat and fast-paced. Expect single-player moments with clear progression and satisfying goals.,"combat,fast-paced,single-player","uncharted legacy of thieves,unchartedlegacyofthieves",59.99,84
god-of-war,God of War,"Action,Adventure",God of War is a action game focused on combat and fast-paced. Expect single-player moments with clear progression and satisfying goals.,"combat,fast-paced,single-player","god of war,godofwar",59.99,84
marvel-s-spider-man-remastered,Marvel's Spider-Man Remastered,"Action,Adventure",Marvel's Spider-Man Remastered is a action game focused on combat and fast-paced. Expect single-player moments with clear progression and satisfying goals.,"combat,fast-paced,single-player","marvel's spider-man remastered,marvelsspidermanremastered",59.99,84
marvel-s-spider-man-miles-morales,Marvel's Spider-Man Miles Morales,"Action,Adventure",Marvel's Spider-Man Miles Morales is a action game focused on combat and fast-paced. Expect single-player moments with clear progression and satisfying goals.,"combat,fast-paced,single-player","marvel's spider-man miles morales,marvelsspidermanmilesmorales",59.99,84
control,Control,"Action,Adventure",Control is a action game focused on combat and fast-paced. Expect single-player moments with clear progression and satisfying goals.,"combat,fast-paced,single-player",control,39.99,78
death-stranding,Death Stranding,"Adventure,Simulation",Death Stranding is a adventure game focused on story-driven and exploration. Expect single-player moments with clear progression and satisfying goals.,"story-driven,exploration,single-player","death stranding,deathstranding",39.99,78
days-gone,Days Gone,"Action,Adventure",Days Gone is a action game focused on combat and fast-paced. Expect single-player moments with clear progression and satisfying goals.,"combat,fast-paced,single-player","days gone,daysgone",39.99,78
the-last-of-us-part-i,The Last of Us Part I,"Action,Adventure",The Last of Us Part I is a action game focused on combat and fast-paced. Expect single-player moments with clear progression and satisfying goals.,"combat,fast-paced,single-player","the last of us part i,thelastofusparti",59.99,84
diablo-iv,Diablo IV,"RPG,Action",Diablo IV is a rpg game focused on role-playing and choices. Expect character build moments with clear progression and satisfying goals.,"role-playing,choices,character build","diablo iv,diabloiv",59.99,84
diablo-iii,Diablo III,"RPG,Action",Diablo III is a rpg game focused on role-playing and choices. Expect character build moments with clear progression and satisfying goals.,"role-playing,choices,character build","diablo iii,diabloiii",59.99,84
path-of-exile,Path of Exile,"RPG,Action",Path of Exile is a rpg game focused on role-playing and choices. Expect character build moments with clear progression and satisfying goals.,"role-playing,choices,character build","path of exile,pathofexile",39.99,78
torchlight-ii,Torchlight II,"RPG,Action",Torchlight II is a rpg game focused on role-playing and choices. Expect character build moments with clear progression and satisfying goals.,"role-playing,choices,character build","torchlight ii,torchlightii",19.99,75
grim-dawn,Grim Dawn,"RPG,Action",Grim Dawn is a rpg game focused on role-playing and choices. Expect character build moments with clear progression and satisfying goals.,"role-playing,choices,character build","grim dawn,grimdawn",19.99,75
hades,Hades,"Action,Indie",Hades is a action game focused on combat and fast-paced. Expect single-player moments with clear progression and satisfying goals.,"combat,fast-paced,single-player",hades,19.99,75
hades-ii,Hades II,"Action,Indie",Hades II is a action game focused on combat and fast-paced. Expect single-player moments with clear progression and satisfying goals.,"combat,fast-paced,single-player","hades ii,hadesii",19.99,75
hollow-knight,Hollow Knight,"Adventure,Indie",Hollow Knight is a adventure game focused on story-driven and exploration. Expect single-player moments with clear progression and satisfying goals.,"story-driven,exploration,single-player","hollow knight,hollowknight",19.99,75
ori-and-the-blind-forest,Ori and the Blind Forest,"Adventure,Indie",Ori and the Blind Forest is a adventure game focused on story-driven and exploration. Expect single-player moments with clear progression and satisfying goals.,"story-driven,exploration,single-player","ori and the blind forest,oriandtheblindforest",19.99,75
ori-and-the-will-of-the-wisps,Ori and the Will of the Wisps,"Adventure,Indie",Ori and the Will of the Wisps is a adventure game focused on story-driven and exploration. Expect single-player moments with clear progression and satisfying goals.,"story-driven,exploration,single-player","ori and the will of the wisps,oriandthewillofthewisps",19.99,75
dead-cells,Dead Cells,"Action,Indie",Dead Cells is a action game focused on combat and fast-paced. Expect single-player moments with clear progression and satisfying goals.,"combat,fast-paced,single-player","dead cells,deadcells",19.99,75
celeste,Celeste,"Adventure,Indie",Celeste is a adventure game focused on story-driven and exploration. Expect single-player moments with clear progression and satisfying goals.,"story-driven,exploration,single-player",celeste,19.99,75
cuphead,Cuphead,"Action,Indie",Cuphead is a action game focused on combat and fast-paced. Expect single-player moments with clear progression and satisfying goals.,"combat,fast-paced,single-player",cuphead,19.99,75
stardew-valley,Stardew Valley,"Simulation,Indie",Stardew Valley is a simulation game focused on simulation and management. Expect sandbox moments with clear progression and satisfying goals.,"simulation,management,sandbox","stardew valley,stardewvalley",19.99,75
terraria,Terraria,"Adventure,Indie",Terraria is a adventure game focused on story-driven and exploration. Expect single-player moments with clear progression and satisfying goals.,"story-driven,exploration,single-player",terraria,19.99,75
valheim,Valheim,"Adventure,Indie",Valheim is a adventure game focused on story-driven and exploration. Expect single-player moments with clear progression and satisfying goals.,"story-driven,exploration,single-player",valheim,19.99,75
minecraft,Minecraft,"Simulation,Adventure",Minecraft is a simulation game focused on simulation and management. Expect sandbox moments with clear progression and satisfying goals.,"simulation,management,sandbox",minecraft,39.99,78
no-man-s-sky,No Man's Sky,"Adventure,Simulation",No Man's Sky is a adventure game focused on story-driven and exploration. Expect single-player moments with clear progression and satisfying goals.,"story-driven,exploration,single-player","no man's sky,nomanssky",39.99,78
subnautica,Subnautica,"Adventure,Survival",Subnautica is a adventure game focused on story-driven and exploration. Expect single-player moments with clear progression and satisfying goals.,"story-driven,exploration,single-player",subnautica,19.99,75
subnautica-below-zero,Subnautica Below Zero,"Adventure,Survival",Subnautica Below Zero is a adventure game focused on story-driven and exploration. Expect single-player moments with clear progression and satisfying goals.,"story-driven,exploration,single-player","subnautica below zero,subnauticabelowzero",19.99,75
sea-of-thieves,Sea of Thieves,"Adventure,Action",Sea of Thieves is a adventure game focused on story-driven and exploration. Expect single-player moments with clear progression and satisfying goals.,"story-driven,exploration,single-player","sea of thieves,seaofthieves",39.99,78
sea-of-stars,Sea of Stars,"RPG,Indie",Sea of Stars is a rpg game focused on role-playing and choices. Expect character build moments with clear progression and satisfying goals.,"role-playing,choices,character build","sea of stars,seaofstars",19.99,75
outer-wilds,Outer Wilds,"Adventure,Indie",Outer Wilds is a adventure game focused on story-driven and exploration. Expect single-player moments with clear progression and satisfying goals.,"story-driven,exploration,single-player","outer wilds,outerwilds",19.99,75
disco-elysium,Disco Elysium,"RPG,Indie",Disco Elysium is a rpg game focused on role-playing and choices. Expect character build moments with clear progression and satisfying goals.,"role-playing,choices,character build","disco elysium,discoelysium",19.99,75
persona-5-royal,Persona 5 Royal,RPG,Persona 5 Royal is a rpg game focused on role-playing and choices. Expect character build moments with clear progression and satisfying goals.,"role-playing,choices,character build","persona 5 royal,persona5royal",59.99,84
persona-4-golden,Persona 4 Golden,RPG,Persona 4 Golden is a rpg game focused on role-playing and choices. Expect character build moments with clear progression and satisfying goals.,"role-playing,choices,character build","persona 4 golden,persona4golden",39.99,78
yakuza-0,Yakuza 0,"Action,Adventure",Yakuza 0 is a action game focused on combat and fast-paced. Expect single-player moments with clear progression and satisfying goals.,"combat,fast-paced,single-player","yakuza 0,yakuza0",39.99,78
like-a-dragon-infinite-wealth,Like a Dragon Infinite Wealth,"RPG,Adventure",Like a Dragon Infinite Wealth is a rpg game focused on role-playing and choices. Expect character build moments with clear progression and satisfying goals.,"role-playing,choices,character build","like a dragon infinite wealth,likeadragoninfinitewealth",59.99,84
final-fantasy-vii-remake,Final Fantasy VII Remake,"RPG,Action",Final Fantasy VII Remake is a rpg game focused on role-playing and choices. Expect character build moments with clear progression and satisfying goals.,"role-playing,choices,character build","final fantasy vii remake,finalfantasyviiremake",59.99,84
final-fantasy-xiv,Final Fantasy XIV,"RPG,Adventure",Final Fantasy XIV is a rpg game focused on role-playing and choices. Expect character build moments with clear progression and satisfying goals.,"role-playing,choices,character build","final fantasy xiv,finalfantasyxiv",59.99,84
final-fantasy-xvi,Final Fantasy XVI,"RPG,Action",Final Fantasy XVI is a rpg game focused on role-playing and choices. Expect character build moments with clear progression and satisfying goals.,"role-playing,choices,character build","final fantasy xvi,finalfantasyxvi",59.99,84
dragon-quest-xi,Dragon Quest XI,RPG,Dragon Quest XI is a rpg game focused on role-playing and choices. Expect character build moments with clear progression and satisfying goals.,"role-playing,choices,character build","dragon quest xi,dragonquestxi",59.99,84
tales-of-arise,Tales of Arise,RPG,Tales of Arise is a rpg game focused on role-playing and choices. Expect character build moments with clear progression and satisfying goals.,"role-playing,choices,character build","tales of arise,talesofarise",59.99,84
nier-automata,NieR Automata,"Action,RPG",NieR Automata is a action game focused on combat and fast-paced. Expect single-player moments with clear progression and satisfying goals.,"combat,fast-paced,single-player","nier automata,nierautomata",59.99,84
octopath-traveler-ii,Octopath Traveler II,RPG,Octopath Traveler II is a rpg game focused on role-playing and choices. Expect character build moments with clear progression and satisfying goals.,"role-playing,choices,character build","octopath traveler ii,octopathtravelerii",59.99,84
triangle-strategy,Triangle Strategy,"Strategy,RPG",Triangle Strategy is a strategy game focused on tactics and management. Expect planning moments with clear progression and satisfying goals.,"tactics,management,planning","triangle strategy,trianglestrategy",39.99,78
call-of-duty-modern-warfare-iii,Call of Duty Modern Warfare III,Shooter,Call of Duty Modern Warfare III is a shooter game focused on gunplay and multiplayer. Expect competitive moments with clear progression and satisfying goals.,"gunplay,multiplayer,competitive","call of duty modern warfare iii,callofdutymodernwarfareiii",59.99,84
call-of-duty-warzone,Call of Duty Warzone,Shooter,Call of Duty Warzone is a shooter game focused on gunplay and multiplayer. Expect competitive moments with clear progression and satisfying goals.,"gunplay,multiplayer,competitive","call of duty warzone,callofdutywarzone",59.99,84
battlefield-2042,Battlefield 2042,Shooter,Battlefield 2042 is a shooter game focused on gunplay and multiplayer. Expect competitive moments with clear progression and satisfying goals.,"gunplay,multiplayer,competitive","battlefield 2042,battlefield2042",59.99,84
battlefield-1,Battlefield 1,Shooter,Battlefield 1 is a shooter game focused on gunplay and multiplayer. Expect competitive moments with clear progression and satisfying goals.,"gunplay,multiplayer,competitive","battlefield 1,battlefield1",59.99,84
apex-legends,Apex Legends,Shooter,Apex Legends is a shooter game focused on gunplay and multiplayer. Expect competitive moments with clear progression and satisfying goals.,"gunplay,multiplayer,competitive","apex legends,apexlegends",39.99,78
valorant,Valorant,Shooter,Valorant is a shooter game focused on gunplay and multiplayer. Expect competitive moments with clear progression and satisfying goals.,"gunplay,multiplayer,competitive",valorant,39.99,78
counter-strike-2,Counter-Strike 2,Shooter,Counter-Strike 2 is a shooter game focused on gunplay and multiplayer. Expect competitive moments with clear progression and satisfying goals.,"gunplay,multiplayer,competitive","counter-strike 2,counterstrike2",39.99,78
overwatch-2,Overwatch 2,Shooter,Overwatch 2 is a shooter game focused on gunplay and multiplayer. Expect competitive moments with clear progression and satisfying goals.,"gunplay,multiplayer,competitive","overwatch 2,overwatch2",59.99,84
rainbow-six-siege,Rainbow Six Siege,Shooter,Rainbow Six Siege is a shooter game focused on gunplay and multiplayer. Expect competitive moments with clear progression and satisfying goals.,"gunplay,multiplayer,competitive","rainbow six siege,rainbowsixsiege",59.99,84
destiny-2,Destiny 2,"Shooter,RPG",Destiny 2 is a shooter game focused on gunplay and multiplayer. Expect competitive moments with clear progression and satisfying goals.,"gunplay,multiplayer,competitive","destiny 2,destiny2",59.99,84
halo-infinite,Halo Infinite,Shooter,Halo Infinite is a shooter game focused on gunplay and multiplayer. Expect competitive moments with clear progression and satisfying goals.,"gunplay,multiplayer,competitive","halo infinite,haloinfinite",59.99,84
titanfall-2,Titanfall 2,Shooter,Titanfall 2 is a shooter game focused on gunplay and multiplayer. Expect competitive moments with clear progression and satisfying goals.,"gunplay,multiplayer,competitive","titanfall 2,titanfall2",59.99,84
doom-eternal,Doom Eternal,Shooter,Doom Eternal is a shooter game focused on fast-paced and arena combat. Expect single-player moments with clear progression and satisfying goals.,"fast-paced,arena combat,single-player","doom eternal,doometernal",59.99,84
doom-2016,Doom 2016,Shooter,Doom 2016 is a shooter game focused on fast-paced and arena combat. Expect single-player moments with clear progression and satisfying goals.,"fast-paced,arena combat,single-player","doom 2016,doom2016",59.99,84
wolfenstein-ii-the-new-colossus,Wolfenstein II The New Colossus,Shooter,Wolfenstein II The New Colossus is a shooter game focused on gunplay and multiplayer. Expect competitive moments with clear progression and satisfying goals.,"gunplay,multiplayer,competitive","wolfenstein ii the new colossus,wolfensteiniithenewcolossus",59.99,84
bioshock-infinite,BioShock Infinite,"Shooter,Adventure",BioShock Infinite is a shooter game focused on gunplay and multiplayer. Expect competitive moments with clear progression and satisfying goals.,"gunplay,multiplayer,competitive","bioshock infinite,bioshockinfinite",39.99,78
borderlands-3,Borderlands 3,"Shooter,RPG",Borderlands 3 is a shooter game focused on gunplay and multiplayer. Expect competitive moments with clear progression and satisfying goals.,"gunplay,multiplayer,competitive","borderlands 3,borderlands3",59.99,84
borderlands-2,Borderlands 2,"Shooter,RPG",Borderlands 2 is a shooter game focused on gunplay and multiplayer. Expect competitive moments with clear progression and satisfying goals.,"gunplay,multiplayer,competitive","borderlands 2,borderlands2",39.99,78
the-division-2,The Division 2,"Shooter,RPG",The Division 2 is a shooter game focused on gunplay and multiplayer. Expect competitive moments with clear progression and satisfying goals.,"gunplay,multiplayer,competitive","the division 2,thedivision2",59.99,84
payday-3,Payday 3,"Shooter,Action",Payday 3 is a shooter game focused on gunplay and multiplayer. Expect competitive moments with clear progression and satisfying goals.,"gunplay,multiplayer,competitive","payday 3,payday3",59.99,84
payday-2,Payday 2,"Shooter,Action",Payday 2 is a shooter game focused on gunplay and multiplayer. Expect competitive moments with clear progression and satisfying goals.,"gunplay,multiplayer,competitive","payday 2,payday2",39.99,78
civilization-vi,Civilization VI,Strategy,Civilization VI is a strategy game focused on tactics and management. Expect planning moments with clear progression and satisfying goals.,"tactics,management,planning","civilization vi,civilizationvi",59.99,84
civilization-v,Civilization V,Strategy,Civilization V is a strategy game focused on tactics and management. Expect planning moments with clear progression and satisfying goals.,"tactics,management,planning","civilization v,civilizationv",39.99,78
total-war-warhammer-iii,Total War Warhammer III,Strategy,Total War Warhammer III is a strategy game focused on tactics and management. Expect planning moments with clear progression and satisfying goals.,"tactics,management,planning","total war warhammer iii,totalwarwarhammeriii",59.99,84
total-war-three-kingdoms,Total War Three Kingdoms,Strategy,Total War Three Kingdoms is a strategy game focused on tactics and management. Expect planning moments with clear progression and satisfying goals.,"tactics,management,planning","total war three kingdoms,totalwarthreekingdoms",59.99,84
age-of-empires-iv,Age of Empires IV,Strategy,Age of Empires IV is a strategy game focused on tactics and management. Expect planning moments with clear progression and satisfying goals.,"tactics,management,planning","age of empires iv,ageofempiresiv",59.99,84
age-of-empires-ii-definitive-edition,Age of Empires II Definitive Edition,Strategy,Age of Empires II Definitive Edition is a strategy game focused on tactics and management. Expect planning moments with clear progression and satisfying goals.,"tactics,management,planning","age of empires ii definitive edition,ageofempiresiidefinitiveedition",39.99,78
starcraft-ii,StarCraft II,Strategy,StarCraft II is a strategy game focused on tactics and management. Expect planning moments with clear progression and satisfying goals.,"tactics,management,planning","starcraft ii,starcraftii",59.99,84
xcom-2,XCOM 2,Strategy,XCOM 2 is a strategy game focused on tactics and management. Expect planning moments with clear progression and satisfying goals.,"tactics,management,planning","xcom 2,xcom2",59.99,84
crusader-kings-iii,Crusader Kings III,Strategy,Crusader Kings III is a strategy game focused on tactics and management. Expect planning moments with clear progression and satisfying goals.,"tactics,management,planning","crusader kings iii,crusaderkingsiii",59.99,84
stellaris,Stellaris,Strategy,Stellaris is a strategy game focused on tactics and management. Expect planning moments with clear progression and satisfying goals.,"tactics,management,planning",stellaris,59.99,84
hearts-of-iron-iv,Hearts of Iron IV,Strategy,Hearts of Iron IV is a strategy game focused on tactics and management. Expect planning moments with clear progression and satisfying goals.,"tactics,management,planning","hearts of iron iv,heartsofironiv",59.99,84
cities-skylines,Cities Skylines,"Simulation,Strategy",Cities Skylines is a simulation game focused on simulation and management. Expect sandbox moments with clear progression and satisfying goals.,"simulation,management,sandbox","cities skylines,citiesskylines",39.99,78
cities-skylines-ii,Cities Skylines II,"Simulation,Strategy",Cities Skylines II is a simulation game focused on simulation and management. Expect sandbox moments with clear progression and satisfying goals.,"simulation,management,sandbox","cities skylines ii,citiesskylinesii",59.99,84
rimworld,RimWorld,"Simulation,Strategy",RimWorld is a simulation game focused on simulation and management. Expect sandbox moments with clear progression and satisfying goals.,"simulation,management,sandbox",rimworld,19.99,75
factorio,Factorio,"Simulation,Strategy",Factorio is a simulation game focused on simulation and management. Expect sandbox moments with clear progression and satisfying goals.,"simulation,management,sandbox",factorio,19.99,75
forza-horizon-5,Forza Horizon 5,Racing,Forza Horizon 5 is a racing game focused on racing and cars. Expect time trials moments with clear progression and satisfying goals.,"racing,cars,time trials","forza horizon 5,forzahorizon5",59.99,84
forza-motorsport,Forza Motorsport,Racing,Forza Motorsport is a racing game focused on racing and cars. Expect time trials moments with clear progression and satisfying goals.,"racing,cars,time trials","forza motorsport,forzamotorsport",59.99,84
f1-23,F1 23,Racing,F1 23 is a racing game focused on racing and cars. Expect time trials moments with clear progression and satisfying goals.,"racing,cars,time trials","f1 23,f123",59.99,84
need-for-speed-heat,Need for Speed Heat,Racing,Need for Speed Heat is a racing game focused on racing and cars. Expect time trials moments with clear progression and satisfying goals.,"racing,cars,time trials","need for speed heat,needforspeedheat",59.99,84
assetto-corsa,Assetto Corsa,Racing,Assetto Corsa is a racing game focused on racing and cars. Expect time trials moments with clear progression and satisfying goals.,"racing,cars,time trials","assetto corsa,assettocorsa",39.99,78
dirt-rally-2-0,Dirt Rally 2.0,Racing,Dirt Rally 2.0 is a racing game focused on racing and cars. Expect time trials moments with clear progression and satisfying goals.,"racing,cars,time trials","dirt rally 2.0,dirtrally20",39.99,78
the-crew-motorfest,The Crew Motorfest,Racing,The Crew Motorfest is a racing game focused on racing and cars. Expect time trials moments with clear progression and satisfying goals.,"racing,cars,time trials","the crew motorfest,thecrewmotorfest",59.99,84
microsoft-flight-simulator,Microsoft Flight Simulator,Simulation,Microsoft Flight Simulator is a simulation game focused on simulation and management. Expect sandbox moments with clear progression and satisfying goals.,"simulation,management,sandbox","microsoft flight simulator,microsoftflightsimulator",59.99,84
euro-truck-simulator-2,Euro Truck Simulator 2,Simulation,Euro Truck Simulator 2 is a simulation game focused on simulation and management. Expect sandbox moments with clear progression and satisfying goals.,"simulation,management,sandbox","euro truck simulator 2,eurotrucksimulator2",39.99,78
farming-simulator-22,Farming Simulator 22,Simulation,Farming Simulator 22 is a simulation game focused on simulation and management. Expect sandbox moments with clear progression and satisfying goals.,"simulation,management,sandbox","farming simulator 22,farmingsimulator22",39.99,78
planet-coaster,Planet Coaster,Simulation,Planet Coaster is a simulation game focused on simulation and management. Expect sandbox moments with clear progression and satisfying goals.,"simulation,management,sandbox","planet coaster,planetcoaster",39.99,78
planet-zoo,Planet Zoo,Simulation,Planet Zoo is a simulation game focused on simulation and management. Expect sandbox moments with clear progression and satisfying goals.,"simulation,management,sandbox","planet zoo,planetzoo",39.99,78
the-sims-4,The Sims 4,"Simulation,Casual",The Sims 4 is a simulation game focused on simulation and management. Expect sandbox moments with clear progression and satisfying goals.,"simulation,management,sandbox","the sims 4,thesims4",39.99,78
ea-sports-fc-24,EA Sports FC 24,Sports,EA Sports FC 24 is a sports game focused on sports and competitive. Expect career mode moments with clear progression and satisfying goals.,"sports,competitive,career mode","ea sports fc 24,easportsfc24",59.99,84
nba-2k24,NBA 2K24,Sports,NBA 2K24 is a sports game focused on sports and competitive. Expect career mode moments with clear progression and satisfying goals.,"sports,competitive,career mode","nba 2k24,nba2k24",59.99,84
madden-nfl-24,Madden NFL 24,Sports,Madden NFL 24 is a sports game focused on sports and competitive. Expect career mode moments with clear progression and satisfying goals.,"sports,competitive,career mode","madden nfl 24,maddennfl24",59.99,84
phasmophobia,Phasmophobia,"Horror,Indie",Phasmophobia is a horror game focused on horror and survival. Expect atmospheric moments with clear progression and satisfying goals.,"horror,survival,atmospheric",phasmophobia,19.99,75
outlast-2,Outlast 2,Horror,Outlast 2 is a horror game focused on horror and survival. Expect atmospheric moments with clear progression and satisfying goals.,"horror,survival,atmospheric","outlast 2,outlast2",39.99,78
amnesia-the-dark-descent,Amnesia The Dark Descent,Horror,Amnesia The Dark Descent is a horror game focused on horror and survival. Expect atmospheric moments with clear progression and satisfying goals.,"horror,survival,atmospheric","amnesia the dark descent,amnesiathedarkdescent",19.99,75
the-evil-within-2,The Evil Within 2,Horror,The Evil Within 2 is a horror game focused on horror and survival. Expect atmospheric moments with clear progression and satisfying goals.,"horror,survival,atmospheric","the evil within 2,theevilwithin2",39.99,78
little-nightmares-ii,Little Nightmares II,"Horror,Adventure",Little Nightmares II is a horror game focused on horror and survival. Expect atmospheric moments with clear progression and satisfying goals.,"horror,survival,atmospheric","little nightmares ii,littlenightmaresii",19.99,75
resident-evil-4,Resident Evil 4,"Horror,Action",Resident Evil 4 is a horror game focused on horror and survival. Expect atmospheric moments with clear progression and satisfying goals.,"horror,survival,atmospheric","resident evil 4,residentevil4",59.99,84
resident-evil-2,Resident Evil 2,"Horror,Action",Resident Evil 2 is a horror game focused on horror and survival. Expect atmospheric moments with clear progression and satisfying goals.,"horror,survival,atmospheric","resident evil 2,residentevil2",59.99,84
resident-evil-village,Resident Evil Village,"Horror,Action",Resident Evil Village is a horror game focused on horror and survival. Expect atmospheric moments with clear progression and satisfying goals.,"horror,survival,atmospheric","resident evil village,residentevilvillage",59.99,84
resident-evil-7,Resident Evil 7,Horror,Resident Evil 7 is a horror game focused on horror and survival. Expect atmospheric moments with clear progression and satisfying goals.,"horror,survival,atmospheric","resident evil 7,residentevil7",59.99,84
dead-space,Dead Space,"Horror,Action",Dead Space is a horror game focused on horror and survival. Expect atmospheric moments with clear progression and satisfying goals.,"horror,survival,atmospheric","dead space,deadspace",59.99,84
alan-wake-2,Alan Wake 2,"Horror,Adventure",Alan Wake 2 is a horror game focused on horror and survival. Expect atmospheric moments with clear progression and satisfying goals.,"horror,survival,atmospheric","alan wake 2,alanwake2",59.99,84
metro-exodus,Metro Exodus,"Shooter,Adventure",Metro Exodus is a shooter game focused on gunplay and multiplayer. Expect competitive moments with clear progression and satisfying goals.,"gunplay,multiplayer,competitive","metro exodus,metroexodus",59.99,84
metro-last-light,Metro Last Light,"Shooter,Adventure",Metro Last Light is a shooter game focused on gunplay and multiplayer. Expect competitive moments with clear progression and satisfying goals.,"gunplay,multiplayer,competitive","metro last light,metrolastlight",39.99,78
metro-2033,Metro 2033,"Shooter,Adventure",Metro 2033 is a shooter game focused on gunplay and multiplayer. Expect competitive moments with clear progression and satisfying goals.,"gunplay,multiplayer,competitive","metro 2033,metro2033",39.99,78
portal-2,Portal 2,Puzzle,Portal 2 is a puzzle game focused on puzzle and logic. Expect mind-bending moments with clear progression and satisfying goals.,"puzzle,logic,mind-bending","portal 2,portal2",39.99,78
the-witness,The Witness,Puzzle,The Witness is a puzzle game focused on puzzle and logic. Expect mind-bending moments with clear progression and satisfying goals.,"puzzle,logic,mind-bending","the witness,thewitness",19.99,75
baba-is-you,Baba Is You,"Puzzle,Indie",Baba Is You is a puzzle game focused on puzzle and logic. Expect mind-bending moments with clear progression and satisfying goals.,"puzzle,logic,mind-bending","baba is you,babaisyou",19.99,75
slay-the-spire,Slay the Spire,"Strategy,Indie",Slay the Spire is a strategy game focused on tactics and management. Expect planning moments with clear progression and satisfying goals.,"tactics,management,planning","slay the spire,slaythespire",19.99,75
vampire-survivors,Vampire Survivors,"Indie,Action",Vampire Survivors is a indie game focused on indie and creative. Expect stylized moments with clear progression and satisfying goals.,"indie,creative,stylized","vampire survivors,vampiresurvivors",19.99,75
hollow-knight-silksong,Hollow Knight Silksong,"Adventure,Indie",Hollow Knight Silksong is a adventure game focused on story-driven and exploration. Expect single-player moments with clear progression and satisfying goals.,"story-driven,exploration,single-player","hollow knight silksong,hollowknightsilksong",19.99,75
cuphead-the-delicious-last-course,Cuphead The Delicious Last Course,"Action,Indie",Cuphead The Delicious Last Course is a action game focused on combat and fast-paced. Expect single-player moments with clear progression and satisfying goals.,"combat,fast-paced,single-player","cuphead the delicious last course,cupheadthedeliciouslastcourse",19.99,75
the-binding-of-isaac-rebirth,The Binding of Isaac Rebirth,"Action,Indie",The Binding of Isaac Rebirth is a action game focused on combat and fast-paced. Expect single-player moments with clear progression and satisfying goals.,"combat,fast-paced,single-player","the binding of isaac rebirth,thebindingofisaacrebirth",19.99,75
enter-the-gungeon,Enter the Gungeon,"Action,Indie",Enter the Gungeon is a action game focused on combat and fast-paced. Expect single-player moments with clear progression and satisfying goals.,"combat,fast-paced,single-player","enter the gungeon,enterthegungeon",19.99,75
risk-of-rain-2,Risk of Rain 2,"Action,Indie",Risk of Rain 2 is a action game focused on combat and fast-paced. Expect single-player moments with clear progression and satisfying goals.,"combat,fast-paced,single-player","risk of rain 2,riskofrain2",19.99,75
rogue-legacy-2,Rogue Legacy 2,"Action,Indie",Rogue Legacy 2 is a action game focused on combat and fast-paced. Expect single-player moments with clear progression and satisfying goals.,"combat,fast-paced,single-player","rogue legacy 2,roguelegacy2",19.99,75
slime-rancher,Slime Rancher,"Casual,Simulation",Slime Rancher is a casual game focused on casual and relaxing. Expect short sessions moments with clear progression and satisfying goals.,"casual,relaxing,short sessions","slime rancher,slimerancher",19.99,75
slime-rancher-2,Slime Rancher 2,"Casual,Simulation",Slime Rancher 2 is a casual game focused on casual and relaxing. Expect short sessions moments with clear progression and satisfying goals.,"casual,relaxing,short sessions","slime rancher 2,slimerancher2",19.99,75
among-us,Among Us,"Casual,Indie",Among Us is a casual game focused on casual and relaxing. Expect short sessions moments with clear progression and satisfying goals.,"casual,relaxing,short sessions","among us,amongus",19.99,75
fall-guys,Fall Guys,"Casual,Indie",Fall Guys is a casual game focused on casual and relaxing. Expect short sessions moments with clear progression and satisfying goals.,"casual,relaxing,short sessions","fall guys,fallguys",19.99,75
it-takes-two,It Takes Two,"Adventure,Casual",It Takes Two is a adventure game focused on story-driven and exploration. Expect single-player moments with clear progression and satisfying goals.,"story-driven,exploration,single-player","it takes two,ittakestwo",39.99,78
a-way-out,A Way Out,"Adventure,Action",A Way Out is a adventure game focused on story-driven and exploration. Expect single-player moments with clear progression and satisfying goals.,"story-driven,exploration,single-player","a way out,awayout",39.99,78
journey,Journey,"Adventure,Indie",Journey is a adventure game focused on story-driven and exploration. Expect single-player moments with clear progression and satisfying goals.,"story-driven,exploration,single-player",journey,19.99,75
firewatch,Firewatch,"Adventure,Indie",Firewatch is a adventure game focused on story-driven and exploration. Expect single-player moments with clear progression and satisfying goals.,"story-driven,exploration,single-player",firewatch,19.99,75
life-is-strange,Life is Strange,"Adventure,Indie",Life is Strange is a adventure game focused on story-driven and exploration. Expect single-player moments with clear progression and satisfying goals.,"story-driven,exploration,single-player","life is strange,lifeisstrange",19.99,75
life-is-strange-true-colors,Life is Strange True Colors,Adventure,Life is Strange True Colors is a adventure game focused on story-driven and exploration. Expect single-player moments with clear progression and satisfying goals.,"story-driven,exploration,single-player","life is strange true colors,lifeisstrangetruecolors",39.99,78
oxenfree,Oxenfree,"Adventure,Indie",Oxenfree is a adventure game focused on story-driven and exploration. Expect single-player moments with clear progression and satisfying goals.,"story-driven,exploration,single-player",oxenfree,19.99,75
oxenfree-ii,Oxenfree II,"Adventure,Indie",Oxenfree II is a adventure game focused on story-driven and exploration. Expect single-player moments with clear progression and satisfying goals.,"story-driven,exploration,single-player","oxenfree ii,oxenfreeii",19.99,75
streets-of-rage-4,Streets of Rage 4,"Action,Indie",Streets of Rage 4 is a action game focused on combat and fast-paced. Expect single-player moments with clear progression and satisfying goals.,"combat,fast-paced,single-player","streets of rage 4,streetsofrage4",19.99,75
teenage-mutant-ninja-turtles-shredder-s-revenge,Teenage Mutant Ninja Turtles Shredder's Revenge,"Action,Indie",Teenage Mutant Ninja Turtles Shredder's Revenge is a action game focused on combat and fast-paced. Expect single-player moments with clear progression and satisfying goals.,"combat,fast-paced,single-player","teenage mutant ninja turtles shredder's revenge,teenagemutantninjaturtlesshreddersrevenge",19.99,75
hotline-miami,Hotline Miami,"Action,Indie",Hotline Miami is a action game focused on combat and fast-paced. Expect single-player moments with clear progression and satisfying goals.,"combat,fast-paced,single-player","hotline miami,hotlinemiami",19.99,75
hotline-miami-2,Hotline Miami 2,"Action,Indie",Hotline Miami 2 is a action game focused on combat and fast-paced. Expect single-player moments with clear progression and satisfying goals.,"combat,fast-paced,single-player","hotline miami 2,hotlinemiami2",19.99,75
inscryption,Inscryption,"Strategy,Indie",Inscryption is a strategy game focused on tactics and management. Expect planning moments with clear progression and satisfying goals.,"tactics,management,planning",inscryption,19.99,75
return-of-the-obra-dinn,Return of the Obra Dinn,"Puzzle,Indie",Return of the Obra Dinn is a puzzle game focused on puzzle and logic. Expect mind-bending moments with clear progression and satisfying goals.,"puzzle,logic,mind-bending","return of the obra dinn,returnoftheobradinn",19.99,75
tunic,Tunic,"Adventure,Indie",Tunic is a adventure game focused on story-driven and exploration. Expect single-player moments with clear progression and satisfying goals.,"story-driven,exploration,single-player",tunic,19.99,75
dave-the-diver,Dave the Diver,"Casual,Indie",Dave the Diver is a casual game focused on casual and relaxing. Expect short sessions moments with clear progression and satisfying goals.,"casual,relaxing,short sessions","dave the diver,davethediver",19.99,75
dredge,Dredge,"Adventure,Indie",Dredge is a adventure game focused on story-driven and exploration. Expect single-player moments with clear progression and satisfying goals.,"story-driven,exploration,single-player",dredge,19.99,75
the-stanley-parable-ultra-deluxe,The Stanley Parable Ultra Deluxe,"Puzzle,Indie",The Stanley Parable Ultra Deluxe is a puzzle game focused on puzzle and logic. Expect mind-bending moments with clear progression and satisfying goals.,"puzzle,logic,mind-bending","the stanley parable ultra deluxe,thestanleyparableultradeluxe",19.99,75
superliminal,Superliminal,"Puzzle,Indie",Superliminal is a puzzle game focused on puzzle and logic. Expect mind-bending moments with clear progression and satisfying goals.,"puzzle,logic,mind-bending",superliminal,19.99,75
katana-zero,Katana ZERO,"Action,Indie",Katana ZERO is a action game focused on combat and fast-paced. Expect single-player moments with clear progression and satisfying goals.,"combat,fast-paced,single-player","katana zero,katanazero",19.99,75
braid,Braid,"Puzzle,Indie",Braid is a puzzle game focused on puzzle and logic. Expect mind-bending moments with clear progression and satisfying goals.,"puzzle,logic,mind-bending",braid,19.99,75
limbo,Limbo,"Puzzle,Indie",Limbo is a puzzle game focused on puzzle and logic. Expect mind-bending moments with clear progression and satisfying goals.,"puzzle,logic,mind-bending",limbo,19.99,75
inside,Inside,"Puzzle,Indie",Inside is a puzzle game focused on puzzle and logic. Expect mind-bending moments with clear progression and satisfying goals.,"puzzle,logic,mind-bending",inside,19.99,75
human-fall-flat,Human Fall Flat,"Puzzle,Casual",Human Fall Flat is a puzzle game focused on puzzle and logic. Expect mind-bending moments with clear progression and satisfying goals.,"puzzle,logic,mind-bending","human fall flat,humanfallflat",19.99,75
golf-with-your-friends,Golf With Your Friends,"Casual,Sports",Golf With Your Friends is a casual game focused on casual and relaxing. Expect short sessions moments with clear progression and satisfying goals.,"casual,relaxing,short sessions","golf with your friends,golfwithyourfriends",19.99,75
rocket-league,Rocket League,"Sports,Action",Rocket League is a sports game focused on sports and competitive. Expect career mode moments with clear progression and satisfying goals.,"sports,competitive,career mode","rocket league,rocketleague",39.99,78
for-the-king,For the King,"Strategy,RPG",For the King is a strategy game focused on tactics and management. Expect planning moments with clear progression and satisfying goals.,"tactics,management,planning","for the king,fortheking",19.99,75
for-the-king-ii,For the King II,"Strategy,RPG",For the King II is a strategy game focused on tactics and management. Expect planning moments with clear progression and satisfying goals.,"tactics,management,planning","for the king ii,forthekingii",19.99,75
warframe,Warframe,"Shooter,RPG",Warframe is a shooter game focused on gunplay and multiplayer. Expect competitive moments with clear progression and satisfying goals.,"gunplay,multiplayer,competitive",warframe,39.99,78
gears-5,Gears 5,"Shooter,Action",Gears 5 is a shooter game focused on gunplay and multiplayer. Expect competitive moments with clear progression and satisfying goals.,"gunplay,multiplayer,competitive","gears 5,gears5",59.99,84
remnant-ii,Remnant II,"Shooter,RPG",Remnant II is a shooter game focused on gunplay and multiplayer. Expect competitive moments with clear progression and satisfying goals.,"gunplay,multiplayer,competitive","remnant ii,remnantii",59.99,84
remnant-from-the-ashes,Remnant From the Ashes,"Shooter,RPG",Remnant From the Ashes is a shooter game focused on gunplay and multiplayer. Expect competitive moments with clear progression and satisfying goals.,"gunplay,multiplayer,competitive","remnant from the ashes,remnantfromtheashes",39.99,78
sifu,Sifu,Action,Sifu is a action game focused on combat and fast-paced. Expect single-player moments with clear progression and satisfying goals.,"combat,fast-paced,single-player",sifu,39.99,78
returnal,Returnal,Action,Returnal is a action game focused on combat and fast-paced. Expect single-player moments with clear progression and satisfying goals.,"combat,fast-paced,single-player",returnal,59.99,84
armored-core-vi,Armored Core VI,Action,Armored Core VI is a action game focused on combat and fast-paced. Expect single-player moments with clear progression and satisfying goals.,"combat,fast-paced,single-player","armored core vi,armoredcorevi",59.99,84
lies-of-p,Lies of P,"Action,RPG",Lies of P is a action game focused on combat and fast-paced. Expect single-player moments with clear progression and satisfying goals.,"combat,fast-paced,single-player","lies of p,liesofp",59.99,84
persona-3-reload,Persona 3 Reload,RPG,Persona 3 Reload is a rpg game focused on role-playing and choices. Expect character build moments with clear progression and satisfying goals.,"role-playing,choices,character build","persona 3 reload,persona3reload",59.99,84
metaphor-refantazio,Metaphor ReFantazio,RPG,Metaphor ReFantazio is a rpg game focused on role-playing and choices. Expect character build moments with clear progression and satisfying goals.,"role-playing,choices,character build","metaphor refantazio,metaphorrefantazio",59.99,84
banishers-ghosts-of-new-eden,Banishers Ghosts of New Eden,"Adventure,RPG",Banishers Ghosts of New Eden is a adventure game focused on story-driven and exploration. Expect single-player moments with clear progression and satisfying goals.,"story-driven,exploration,single-player","banishers ghosts of new eden,banishersghostsofneweden",59.99,84
helldivers-2,Helldivers 2,"Shooter,Action",Helldivers 2 is a shooter game focused on gunplay and multiplayer. Expect competitive moments with clear progression and satisfying goals.,"gunplay,multiplayer,competitive","helldivers 2,helldivers2",59.99,84
palworld,Palworld,"Adventure,Simulation",Palworld is a adventure game focused on story-driven and exploration. Expect single-player moments with clear progression and satisfying goals.,"story-driven,exploration,single-player",palworld,39.99,78
enshrouded,Enshrouded,"Adventure,RPG",Enshrouded is a adventure game focused on story-driven and exploration. Expect single-player moments with clear progression and satisfying goals.,"story-driven,exploration,single-player",enshrouded,39.99,78
lethal-company,Lethal Company,"Horror,Indie",Lethal Company is a horror game focused on horror and survival. Expect atmospheric moments with clear progression and satisfying goals.,"horror,survival,atmospheric","lethal company,lethalcompany",19.99,75
gris,Gris,"Adventure,Indie",Gris is a adventure game focused on story-driven and exploration. Expect single-player moments with clear progression and satisfying goals.,"story-driven,exploration,single-player",gris,19.99,75
spiritfarer,Spiritfarer,"Adventure,Indie",Spiritfarer is a adventure game focused on story-driven and exploration. Expect single-player moments with clear progression and satisfying goals.,"story-driven,exploration,single-player",spiritfarer,19.99,75
a-short-hike,A Short Hike,"Adventure,Indie",A Short Hike is a adventure game focused on story-driven and exploration. Expect single-player moments with clear progression and satisfying goals.,"story-driven,exploration,single-player","a short hike,ashorthike",19.99,75
loop-hero,Loop Hero,"Strategy,Indie",Loop Hero is a strategy game focused on tactics and management. Expect planning moments with clear progression and satisfying goals.,"tactics,management,planning","loop hero,loophero",19.99,75
frostpunk,Frostpunk,"Strategy,Simulation",Frostpunk is a strategy game focused on tactics and management. Expect planning moments with clear progression and satisfying goals.,"tactics,management,planning",frostpunk,39.99,78
project-zomboid,Project Zomboid,"Simulation,Indie",Project Zomboid is a simulation game focused on simulation and management. Expect sandbox moments with clear progression and satisfying goals.,"simulation,management,sandbox","project zomboid,projectzomboid",19.99,75
the-long-dark,The Long Dark,"Adventure,Simulation",The Long Dark is a adventure game focused on story-driven and exploration. Expect single-player moments with clear progression and satisfying goals.,"story-driven,exploration,single-player","the long dark,thelongdark",39.99,78
dead-by-daylight,Dead by Daylight,"Horror,Action",Dead by Daylight is a horror game focused on horror and survival. Expect atmospheric moments with clear progression and satisfying goals.,"horror,survival,atmospheric","dead by daylight,deadbydaylight",39.99,78
kena-bridge-of-spirits,Kena Bridge of Spirits,"Adventure,Action",Kena Bridge of Spirits is a adventure game focused on story-driven and exploration. Expect single-player moments with clear progression and satisfying goals.,"story-driven,exploration,single-player","kena bridge of spirits,kenabridgeofspirits",39.99,78
hi-fi-rush,Hi-Fi Rush,Action,Hi-Fi Rush is a action game focused on combat and fast-paced. Expect single-player moments with clear progression and satisfying goals.,"combat,fast-paced,single-player","hi-fi rush,hifirush",39.99,78
